id,system,source_name,concept,size_cm,exam_name,teach
FJ3074,venous,Anterior inferior segmental branch of right portal vein,anterior inferior segmental branch of right portal vein,8.9,,
FJ3075,arterial,Anterior inferior segmental hepatic artery,anterior inferior segmental hepatic artery,7.0,,
FJ3083,venous,Anterior inferior segmental tributary of middle hepatic vein,anterior inferior segmental tributary of middle hepatic vein,9.4,,
FJ3086,venous,Anterior inferior segmental tributary of middle hepatic vein,anterior inferior segmental tributary of middle hepatic vein,4.6,,
FJ3072,digestive,Anterior inferior tributary of right hepatic biliary tree,anterior inferior tributary of right hepatic biliary tree,7.0,,
FJ3073,venous,Anterior superior segmental branch of right portal vein,anterior superior segmental branch of right portal vein,6.5,,
FJ3076,arterial,Anterior superior segmental hepatic artery,anterior superior segmental hepatic artery,6.2,,
FJ3121,venous,Anterior superior segmental tributary of right hepatic vein,anterior superior segmental tributary of right hepatic vein,7.0,,
FJ3071,digestive,Anterior superior tributary of right hepatic biliary tree,anterior superior tributary of right hepatic biliary tree,5.2,,
FJ2565,digestive,Appendix,appendix,7.0,,
FJ2566,digestive,Ascending colon,ascending colon,18.6,,
FJ3077,arterial,Caudate lobe branch of left hepatic artery,caudate lobe branch of left hepatic artery,3.7,,
FJ3124,venous,Caudate lobe branch of left portal vein,caudate lobe branch of left portal vein,3.4,,
FJ1916,arterial,Caudate lobe branch of right hepatic artery,caudate lobe branch of right hepatic artery,1.7,,
FJ2386,arterial,Caudate lobe branch of right hepatic artery,caudate lobe branch of right hepatic artery,1.7,,
FJ1914,venous,Caudate lobe branch of right portal vein,caudate lobe branch of right portal vein,1.3,,
FJ2816,digestive,Caudate lobe of liver,lobular segment,7.5,,
FJ1883,digestive,Caudate lobe tributary of left hepatic biliary tree,caudate lobe tributary of left hepatic biliary tree,3.8,,
FJ1846,arterial,Celiac artery,celiac artery,2.3,,
FJ2013,arterial,Celiac artery,celiac artery,2.3,,
FJ3421,arterial,Celiac trunk,celiac trunk,2.3,,
FJ3078,arterial,Common hepatic artery,common hepatic artery,2.1,,
FJ3079,digestive,Common hepatic duct,common hepatic duct,8.4,,
FJ3080,digestive,Cystic duct,cystic duct,1.2,,
FJ2567,digestive,Descending colon,descending colon,23.9,,
FJ1555,muscular,Left digastric,left digastric,3.5,,
FJ1560,muscular,Left digastric,left digastric,0.8,,
FJ1578,muscular,Left digastric,left digastric,6.3,,
FJ1556,muscular,Right digastric,right digastric,3.5,,
FJ1579,muscular,Right digastric,right digastric,6.2,,
FJ2587,digestive,Distal part of ileum,distal part of ileum,4.5,,
FJ2588,digestive,Distal part of ileum,distal part of ileum,5.1,,
FJ2589,digestive,Distal part of ileum,distal part of ileum,5.8,,
FJ2590,digestive,Distal part of ileum,distal part of ileum,3.7,,
FJ2591,digestive,Distal part of ileum,distal part of ileum,4.3,,
FJ2592,digestive,Distal part of ileum,distal part of ileum,4.2,,
FJ2593,digestive,Distal part of ileum,distal part of ileum,3.4,,
FJ2594,digestive,Distal part of ileum,distal part of ileum,3.0,,
FJ2595,digestive,Distal part of ileum,distal part of ileum,3.3,,
FJ2597,digestive,Distal part of ileum,distal part of ileum,3.9,,
FJ2598,digestive,Distal part of ileum,distal part of ileum,4.2,,
FJ2611,digestive,Distal part of jejunum,distal part of jejunum,4.8,,
FJ2612,digestive,Distal part of jejunum,distal part of jejunum,5.3,,
FJ2613,digestive,Distal part of jejunum,distal part of jejunum,3.6,,
FJ2614,digestive,Distal part of jejunum,distal part of jejunum,4.1,,
FJ2615,digestive,Distal part of jejunum,distal part of jejunum,3.8,,
FJ2616,digestive,Distal part of jejunum,distal part of jejunum,6.2,,
FJ2618,digestive,Distal part of jejunum,distal part of jejunum,4.0,,
FJ2619,digestive,Distal part of jejunum,distal part of jejunum,5.8,,
FJ2620,digestive,Distal part of jejunum,distal part of jejunum,4.3,,
FJ2621,digestive,Distal part of jejunum,distal part of jejunum,8.0,,
FJ3094,digestive,Left duct of caudate lobe of liver,left duct of caudate lobe of liver,3.8,,
FJ2573,digestive,Duodenum,duodenum,9.8,,
FJ2563,digestive,Esophagus,esophagus,27.4,,
FJ2817,digestive,Gallbladder,gallbladder,4.8,,
FJ3499,arterial,Left gastric artery,left gastric artery,4.7,,
FJ3594,arterial,Right gastric artery,right gastric artery,3.4,,
FJ3500,venous,Left gastric vein,left gastric vein,5.0,,
FJ3595,venous,Right gastric vein,right gastric vein,2.6,,
FJ3081,arterial,Hepatic artery proper,hepatic artery proper,3.0,,
FJ3096,digestive,Left hepatic duct,left hepatic duct,3.3,,
FJ3123,digestive,Right hepatic duct,right hepatic duct,1.0,,
FJ1853,venous,Hepatic portal vein,hepatic portal vein,4.9,,
FJ2415,venous,Left hepatic vein,left hepatic vein,6.4,,
FJ2416,venous,Right hepatic vein,right hepatic vein,8.8,,
FJ2599,digestive,Ileocecal junction,wall of distal part of ileum,5.3,,
FJ3511,arterial,Left inferior epigastric artery,left inferior epigastric artery,20.0,,
FJ3604,arterial,Right inferior epigastric artery,right inferior epigastric artery,20.0,,
FJ3512,venous,Left inferior epigastric vein,left inferior epigastric vein,20.0,,
FJ3605,venous,Right inferior epigastric vein,right inferior epigastric vein,20.4,,
FJ3442,arterial,Inferior mesenteric artery,inferior mesenteric artery,8.7,,
FJ3443,venous,Inferior mesenteric vein,inferior mesenteric vein,16.9,,
FJ3467,arterial,Left inferior suprarenal artery,left inferior suprarenal artery,5.4,,
FJ3584,arterial,Right inferior suprarenal artery,right inferior suprarenal artery,4.1,,
FJ3145,urinary,Left kidney,left kidney,10.6,,
FJ3147,urinary,Right kidney,right kidney,10.4,,
FJ3125,venous,Lateral inferior segmental branch of left portal vein,lateral inferior segmental branch of left portal vein,5.0,,
FJ3092,arterial,Lateral inferior segmental hepatic artery,lateral inferior segmental hepatic artery,4.7,,
FJ3097,venous,Lateral inferior segmental tributary of left hepatic vein,lateral inferior segmental tributary of left hepatic vein,4.7,,
FJ3099,venous,Lateral inferior segmental tributary of left hepatic vein,lateral inferior segmental tributary of left hepatic vein,2.1,,
FJ3100,venous,Lateral inferior segmental tributary of left hepatic vein,lateral inferior segmental tributary of left hepatic vein,1.2,,
FJ3089,digestive,Lateral inferior tributary of left hepatic biliary tree,lateral inferior tributary of left hepatic biliary tree,4.5,,
FJ3126,venous,Lateral superior segmental branch of left portal vein,lateral superior segmental branch of left portal vein,5.4,,
FJ3091,arterial,Lateral superior segmental hepatic artery,lateral superior segmental hepatic artery,5.5,,
FJ3093,arterial,Lateral superior segmental hepatic artery,lateral superior segmental hepatic artery,4.8,,
FJ3098,venous,Lateral superior segmental tributary of left hepatic vein,lateral superior segmental tributary of left hepatic vein,2.8,,
FJ3088,digestive,Lateral superior tributary of left hepatic biliary tree,lateral superior tributary of left hepatic biliary tree,5.4,,
FJ3090,digestive,Lateral superior tributary of left hepatic biliary tree,lateral superior tributary of left hepatic biliary tree,4.8,,
FJ1874,arterial,Left lobe branch of left hepatic artery,left lobe branch of left hepatic artery,1.3,,
FJ1924,arterial,Right lobe branch of right hepatic artery,right lobe branch of right hepatic artery,8.6,,
FJ2394,arterial,Right lobe branch of right hepatic artery,right lobe branch of right hepatic artery,8.6,,
FJ3128,venous,Medial inferior segmental branch of left portal vein,medial inferior segmental branch of left portal vein,3.7,,
FJ3106,arterial,Medial inferior segmental hepatic artery,medial inferior segmental hepatic artery,3.9,,
FJ3084,venous,Medial inferior segmental tributary of middle hepatic vein,medial inferior segmental tributary of middle hepatic vein,5.2,,
FJ3085,venous,Medial inferior segmental tributary of middle hepatic vein,medial inferior segmental tributary of middle hepatic vein,3.1,,
FJ3103,digestive,Medial inferior tributary of left hepatic biliary tree,medial inferior tributary of left hepatic biliary tree,4.1,,
FJ3127,venous,Medial superior segmental branch of left portal vein,medial superior segmental branch of left portal vein,2.9,,
FJ3107,arterial,Medial superior segmental hepatic artery,medial superior segmental hepatic artery,2.8,,
FJ3101,venous,Medial superior segmental tributary of left hepatic vein,medial superior segmental tributary of left hepatic vein,3.1,,
FJ3104,digestive,Medial superior tributary of left hepatic biliary tree,medial superior tributary of left hepatic biliary tree,3.1,,
FJ3105,digestive,Medial superior tributary of left hepatic biliary tree,medial superior tributary of left hepatic biliary tree,1.5,,
FJ3396,digestive,Mesentery of small intestine,mesentery of small intestine,21.1,,
FJ3397,digestive,Mesoappendix,mesoappendix,6.3,,
FJ2414,venous,Middle hepatic vein,middle hepatic vein,7.1,,
FJ2576,digestive,Middle part of ileum,middle part of ileum,3.1,,
FJ2577,digestive,Middle part of ileum,middle part of ileum,5.7,,
FJ2578,digestive,Middle part of ileum,middle part of ileum,5.0,,
FJ2579,digestive,Middle part of ileum,middle part of ileum,4.5,,
FJ2580,digestive,Middle part of ileum,middle part of ileum,5.0,,
FJ2581,digestive,Middle part of ileum,middle part of ileum,4.0,,
FJ2582,digestive,Middle part of ileum,middle part of ileum,3.9,,
FJ2583,digestive,Middle part of ileum,middle part of ileum,3.5,,
FJ2584,digestive,Middle part of ileum,middle part of ileum,3.5,,
FJ2586,digestive,Middle part of ileum,middle part of ileum,4.3,,
FJ2607,digestive,Middle part of jejunum,middle part of jejunum,4.7,,
FJ2608,digestive,Middle part of jejunum,middle part of jejunum,5.1,,
FJ2609,digestive,Middle part of jejunum,middle part of jejunum,3.8,,
FJ2610,digestive,Middle part of jejunum,middle part of jejunum,5.7,,
FJ2628,digestive,Middle part of jejunum,middle part of jejunum,3.9,,
FJ3472,arterial,Left middle suprarenal artery,left middle suprarenal artery,5.0,,
FJ3586,arterial,Right middle suprarenal artery,right middle suprarenal artery,6.2,,
FJ1895,digestive,Pancreas,endocrine system,12.1,,
FJ1896,digestive,Pancreatic duct,pancreatic duct,11.1,,
FJ2630,digestive,Pancreatic duct tree,pancreatic duct tree,11.6,,
FJ2629,digestive,Parenchyma of pancreas,parenchyma of pancreas,12.1,,
FJ1893,venous,Left portal vein,left portal vein,8.2,,
FJ2404,venous,Left portal vein,left portal vein,13.8,,
FJ1913,venous,Right portal vein,right portal vein,10.8,,
FJ2405,venous,Right portal vein,right portal vein,10.2,,
FJ3111,venous,Posterior inferior segmental branch of right portal vein,posterior inferior segmental branch of right portal vein,5.9,,
FJ3114,arterial,Posterior inferior segmental hepatic artery,posterior inferior segmental hepatic artery,5.5,,
FJ3118,venous,Posterior inferior segmental tributary of right hepatic vein,posterior inferior segmental tributary of right hepatic vein,9.2,,
FJ3120,venous,Posterior inferior segmental tributary of right hepatic vein,posterior inferior segmental tributary of right hepatic vein,4.8,,
FJ3108,digestive,Posterior inferior tributary of right hepatic biliary tree,posterior inferior tributary of right hepatic biliary tree,5.5,,
FJ3112,venous,Posterior superior segmental branch of right portal vein,posterior superior segmental branch of right portal vein,6.1,,
FJ3113,venous,Posterior superior segmental branch of right portal vein,posterior superior segmental branch of right portal vein,8.5,,
FJ3115,arterial,Posterior superior segmental hepatic artery,posterior superior segmental hepatic artery,8.6,,
FJ3116,arterial,Posterior superior segmental hepatic artery,posterior superior segmental hepatic artery,4.7,,
FJ3119,venous,Posterior superior segmental tributary of right hepatic vein,posterior superior segmental tributary of right hepatic vein,4.7,,
FJ3109,digestive,Posterior superior tributary of right hepatic biliary tree,posterior superior tributary of right hepatic biliary tree,6.3,,
FJ3110,digestive,Posterior superior tributary of right hepatic biliary tree,posterior superior tributary of right hepatic biliary tree,5.9,,
FJ3082,venous,Pre-hepatic portal vein,pre-hepatic portal vein,4.9,,
FJ2574,digestive,Proximal part of ileum,proximal part of ileum,5.1,,
FJ2575,digestive,Proximal part of ileum,proximal part of ileum,5.8,,
FJ2585,digestive,Proximal part of ileum,proximal part of ileum,3.7,,
FJ2596,digestive,Proximal part of ileum,proximal part of ileum,3.5,,
FJ2600,digestive,Proximal part of ileum,proximal part of ileum,4.4,,
FJ2601,digestive,Proximal part of ileum,proximal part of ileum,3.9,,
FJ2602,digestive,Proximal part of ileum,proximal part of ileum,3.8,,
FJ2603,digestive,Proximal part of ileum,proximal part of ileum,4.5,,
FJ2604,digestive,Proximal part of ileum,proximal part of ileum,3.1,,
FJ2605,digestive,Proximal part of ileum,proximal part of ileum,6.3,,
FJ2606,digestive,Proximal part of jejunum,proximal part of jejunum,7.8,,
FJ2617,digestive,Proximal part of jejunum,proximal part of jejunum,4.2,,
FJ2622,digestive,Proximal part of jejunum,proximal part of jejunum,3.8,,
FJ2623,digestive,Proximal part of jejunum,proximal part of jejunum,8.0,,
FJ2624,digestive,Proximal part of jejunum,proximal part of jejunum,2.9,,
FJ2625,digestive,Proximal part of jejunum,proximal part of jejunum,3.2,,
FJ2626,digestive,Proximal part of jejunum,proximal part of jejunum,4.2,,
FJ2627,digestive,Proximal part of jejunum,proximal part of jejunum,3.6,,
FJ2571,digestive,Rectum,rectum,11.7,,
FJ2561,lymphatic,Spleen,spleen,9.5,,
FJ2562,arterial,Splenic artery,splenic artery,9.9,,
FJ3420,arterial,Splenic artery,splenic artery,0.9,,
FJ3544,arterial,Splenic artery,splenic artery,4.9,,
FJ3640,arterial,Splenic artery,splenic artery,9.4,,
FJ3641,venous,Splenic vein,splenic vein,11.2,,
FJ2564,digestive,Stomach,stomach,13.4,,
FJ2765,digestive,Left sublingual gland,left sublingual gland,2.3,,
FJ2767,digestive,Right sublingual gland,right sublingual gland,2.3,,
FJ2766,digestive,Left submandibular gland,left submandibular gland,2.3,,
FJ2768,digestive,Right submandibular gland,right submandibular gland,2.3,,
FJ3529,arterial,Left superficial epigastric artery,left femoral artery,14.8,,
FJ3614,arterial,Right superficial epigastric artery,right femoral artery,15.3,,
FJ2122,venous,Left superficial epigastric vein,left superficial epigastric vein,12.8,,
FJ2178,venous,Right superficial epigastric vein,right superficial epigastric vein,12.8,,
FJ1971,arterial,Left superior epigastric artery,left subclavian artery,16.6,,
FJ1936,arterial,Right superior epigastric artery,body cavity content,16.6,,
FJ3530,venous,Left superior epigastric vein,left superior epigastric vein,12.7,,
FJ3615,venous,Right superior epigastric vein,right superior epigastric vein,12.8,,
FJ1928,arterial,Superior mesenteric artery,superior mesenteric artery,14.5,,
FJ2011,arterial,Superior mesenteric artery,superior mesenteric artery,14.5,,
FJ3647,venous,Superior mesenteric vein,superior mesenteric vein,15.7,,
FJ3480,venous,Left suprarenal vein,left suprarenal vein,6.5,,
FJ3580,venous,Right suprarenal vein,right suprarenal vein,4.9,,
FJ2568,digestive,Taenia libera,taenia libera,20.2,,
FJ2569,digestive,Taenia mesocolica,taenia mesocolica,18.7,,
FJ2570,digestive,Taenia omentalis,taenia omentalis,24.1,,
FJ2761,digestive,Tongue,heterogeneous cluster,5.9,,
FJ2572,digestive,Transverse colon,transverse colon,18.5,,
FJ3398,digestive,Transverse mesocolon,transverse mesocolon,20.3,,
FJ1867,venous,Tributary of middle hepatic vein,tributary of middle hepatic vein,4.1,,
FJ3095,arterial,Trunk of left hepatic artery,trunk of left hepatic artery,2.7,,
FJ3102,venous,Trunk of left portal vein,trunk of left portal vein,3.4,,
FJ3117,arterial,Trunk of right hepatic artery,trunk of right hepatic artery,1.2,,
FJ3122,venous,Trunk of right portal vein,trunk of right portal vein,1.4,,
FJ3644,arterial,Trunk of superior mesenteric artery,trunk of superior mesenteric artery,14.5,,
FJ3144,urinary,Left ureter,left ureter,25.5,,
FJ3146,urinary,Right ureter,right ureter,24.6,,
FJ3481,arterial,Ureteric segment of left renal artery,ureteric segment of left renal artery,6.9,,
FJ3581,arterial,Ureteric segment of right renal artery,ureteric segment of right renal artery,3.9,,
FJ3582,arterial,Ureteric segment of right renal artery,ureteric segment of right renal artery,3.4,,
